gujarat-heritage-itinerary	Gujarat heritage itinerary	C	KEEP	Feeds heritage-tours/gujarat package	
gujarat-travel-guide	Gujarat travel guide	I	OPTIMIZE	State hub; meta 309 chars	Gujarat travel guide: the Rann of Kutch and Rann Utsav, Somnath and Dwarka, Gir's Asiatic lions, Ahmedabad and the Statue of Unity, with 7 days.
gulmarg-travel-guide	Gulmarg	I	KEEP	Gondola phases/prices time-sensitive	
gurez-valley-travel-guide	Gurez Valley	I	KEEP	Border permits time-sensitive	
gurudongmar-lake-travel-guide	Gurudongmar Lake	I	OPTIMIZE	Meta just over; permits time-sensitive	Gurudongmar Lake, North Sikkim: one of the world's highest drivable lakes, its sacred status, altitude risk, permits and the drive from Lachen.
gurugram-travel-guide	Gurugram	I	OPTIMIZE	Meta truncated; 'Kingdom of Dreams' status should be verified (venue closed 2020s per reports)	Gurugram (Gurgaon) guide: Cyber Hub, the Aravalli Biodiversity Park, malls and food, where to stay, the best time and a 2-day plan.
guruvayur-travel-guide	Guruvayur temple	I	OPTIMIZE	Meta truncated	Guruvayur guide: darshan at the Sree Krishna temple, dress code, the Punnathur Kotta elephant yard, how to reach, where to stay and timings.
guwahati-to-tawang-road-trip	Guwahati to Tawang road trip	I	KEEP	Sela tunnel (2024) correct	
guwahati-travel-guide	Guwahati travel guide	I	OPTIMIZE	Meta truncated	Guwahati guide: Brahmaputra sunset cruises, Kamakhya and Umananda temples, the state museum, day trips to Hajo, where to stay and a 2-day plan.
gwalior-travel-guide	Gwalior Fort	I	OPTIMIZE	Meta truncated	Gwalior guide: the fort and Man Singh Palace, Sas-Bahu temples, Jai Vilas Palace and Tansen's tomb, where to stay, what to eat and a 2-day plan.
haflong-travel-guide	Haflong	I	OPTIMIZE	Meta truncated; hero replaced	Haflong, Assam's only hill station: Haflong Lake, Dima Hasao's communities, the Jatinga bird phenomenon, best time and a 2-day plan.
hajo-travel-guide	Hajo	I	OPTIMIZE	Meta truncated	Hajo, Assam: a pilgrimage town sacred to Hindus, Buddhists and Muslims, the Hayagriva Madhava temple, Poa Mecca and bell-metal craft, with a plan.
hampi-travel-guide	Hampi travel guide	I	OPTIMIZE	High-value; meta truncated	Hampi travel guide: Virupaksha and Vittala temples, the royal centre, coracle rides, bouldering and Anegundi, where to stay and a 3-day plan.
handicrafts-of-india	handicrafts of India	I	KEEP		
hanle-travel-guide	Hanle dark sky reserve	I	OPTIMIZE	Meta truncated; permits time-sensitive	Hanle, Ladakh: India's first dark sky reserve, stargazing and the astronomical observatory, permits, homestays, how to reach and costs.
haridwar-travel-guide	Haridwar	I	OPTIMIZE	Meta truncated; Kumbh 2027 dates time-sensitive	Haridwar guide: the Ganga Aarti at Har Ki Pauri, Mansa Devi and Chandi Devi, the Kumbh Mela, where to stay and Haridwar as the Char Dham gateway.
haryana-travel-guide	Haryana travel guide	I	OPTIMIZE	State hub; meta 278 chars; honest framing	Haryana travel guide: Kurukshetra's Mahabharata sites, the Surajkund crafts mela, Pinjore Gardens, Sultanpur and Morni Hills, with a 4-day plan.
hauz-khas-delhi-travel-guide	Hauz Khas	L	KEEP	CTA now plans Delhi	
havelock-island-andaman-travel-guide	Havelock Island Swaraj Dweep	I	OPTIMIZE	Meta truncated	Swaraj Dweep (Havelock Island): Radhanagar and Elephant beaches, scuba and snorkelling, ferries from Port Blair, where to stay and a 2–3 day plan.
hazaribagh-travel-guide	Hazaribagh	I	OPTIMIZE	Meta truncated	Hazaribagh, Jharkhand: the wildlife sanctuary, Hazaribagh Lake and Canary Hill on the Chotanagpur plateau, where to stay and a 2-day plan.
hemis-travel-guide	Hemis monastery	I	OPTIMIZE	Meta claims 'snow leopard capital of the world'; hedged	Hemis, Ladakh: Ladakh's largest monastery, the Hemis festival cham dances, Hemis National Park's snow leopards, how to reach and the best time.
hemkund-sahib-yatra	Hemkund Sahib yatra	I	KEEP	2026 dates & registration: update each season	
heritage-cities-in-india	heritage cities India	I	KEEP		
heritage-tourism-in-delhi	heritage Delhi	I	KEEP		
heritage-tourism-in-gujarat	heritage Gujarat	I	KEEP		
heritage-tourism-in-karnataka	heritage Karnataka	I	KEEP		
heritage-tourism-in-kerala	heritage Kerala	I	KEEP		
heritage-tourism-in-madhya-pradesh	heritage Madhya Pradesh	I	KEEP		
heritage-tourism-in-maharashtra	heritage Maharashtra	I	KEEP		
heritage-tourism-in-odisha	heritage Odisha	I	KEEP		
heritage-tourism-in-rajasthan	heritage Rajasthan	I	KEEP		
heritage-tourism-in-tamil-nadu	heritage Tamil Nadu	I	KEEP		
heritage-tourism-in-telangana	heritage Telangana	I	KEEP		
heritage-tourism-in-uttar-pradesh	heritage Uttar Pradesh	I	KEEP	Sarnath UNESCO (2026) per cluster doc	
heritage-tourism-in-west-bengal	heritage West Bengal	I	KEEP		
heritage-walks-in-india	heritage walks India	I	KEEP		
hill-station-packing-list	hill station packing list	I	KEEP		
hill-stations-for-couples-in-india	hill stations for couples	C	KEEP	Feeds honeymoon package	
hill-stations-for-families-in-india	family hill stations India	C	KEEP	Feeds family-holidays package	
hill-stations-in-himachal-pradesh	hill stations Himachal	I	KEEP		
hill-stations-in-jammu-and-kashmir	hill stations Kashmir	I	KEEP		
hill-stations-in-karnataka	hill stations Karnataka	I	KEEP		
hill-stations-in-kerala	hill stations Kerala	I	KEEP		
hill-stations-in-maharashtra	hill stations Maharashtra	I	KEEP		
hill-stations-in-meghalaya	hill stations Meghalaya	I	KEEP		
